iter,mode,t_ms,cpu_rss_gib,gpu_alloc_gib,gpu_reserved_gib
0,gpu,0.684,0.635666,3.205323,3.214844
0,gpu,6.238,0.642624,3.205325,3.214844
0,gpu,11.873,0.645542,3.205325,3.214844
0,gpu,17.635,0.647938,3.205325,3.214844
0,gpu,23.374,0.650288,3.205325,3.214844
0,gpu,29.473,0.652355,3.205325,3.214844
0,gpu,35.445,0.655621,3.205328,3.214844
0,gpu,41.473,0.662724,3.205328,3.214844
0,gpu,47.518,0.664799,3.206305,3.214844
0,gpu,53.337,0.687710,3.206305,3.214844
0,gpu,59.295,0.712654,3.206305,3.214844
0,gpu,65.057,0.718983,3.206305,3.214844
0,gpu,71.990,0.733116,3.206305,3.214844
0,gpu,77.851,0.738445,3.206305,3.214844
0,gpu,83.986,0.748238,3.206305,3.214844
0,gpu,90.020,0.756790,3.206305,3.214844
0,gpu,95.807,0.771873,3.206553,3.214844
0,gpu,101.597,0.786194,3.206614,3.214844
0,gpu,107.139,0.798450,3.206673,3.214844
0,gpu,112.894,0.807800,3.206549,3.214844
0,gpu,118.515,0.809837,3.206489,3.214844
0,gpu,124.621,0.812023,3.206489,3.214844
0,gpu,130.648,0.814548,3.206489,3.214844
0,gpu,136.372,0.816059,3.206489,3.214844
0,gpu,142.228,0.829460,3.214424,3.234375
0,gpu,148.047,0.829983,3.214424,3.234375
0,gpu,153.536,0.847874,3.214424,3.234375
0,gpu,159.717,0.852680,3.214424,3.234375
0,gpu,165.817,0.866714,3.214424,3.234375
0,gpu,171.399,0.877373,3.214424,3.234375
0,gpu,177.352,0.886055,3.214546,3.234375
0,gpu,183.935,0.901924,3.214790,3.234375
0,gpu,189.680,0.912262,3.218390,3.234375
0,gpu,195.344,0.927551,3.218390,3.234375
0,gpu,200.923,0.951618,3.218390,3.234375
0,gpu,206.391,0.959072,3.218390,3.234375
0,gpu,212.240,0.971447,3.218391,3.234375
0,gpu,218.434,0.994251,3.216440,3.234375
0,gpu,224.053,1.002522,3.216440,3.234375
0,gpu,229.749,1.017727,3.217413,3.238281
0,gpu,235.940,1.032169,3.217413,3.238281
0,gpu,242.312,1.047787,3.217413,3.238281
0,gpu,248.839,1.062813,3.217413,3.238281
0,gpu,254.736,1.074898,3.217413,3.238281
0,gpu,260.979,1.085102,3.217413,3.238281
0,gpu,266.661,1.095478,3.217413,3.238281
0,gpu,272.304,1.100643,3.217413,3.238281
0,gpu,277.976,1.109440,3.217413,3.238281
0,gpu,284.031,1.118572,3.217413,3.238281
0,gpu,290.035,1.131336,3.217413,3.238281
0,gpu,296.078,1.144886,3.217413,3.238281
0,gpu,302.064,1.158394,3.217413,3.238281
0,gpu,308.793,1.172626,3.217413,3.238281
0,gpu,314.478,1.181911,3.217413,3.238281
0,gpu,320.389,1.190109,3.217413,3.238281
0,gpu,326.530,1.201748,3.217413,3.238281
0,gpu,332.637,1.206543,3.224272,3.242188
0,gpu,338.399,1.222080,3.224272,3.242188
0,gpu,344.134,1.226002,3.227707,3.246094
0,gpu,349.731,1.236008,3.236495,3.248047
0,gpu,355.435,1.236305,3.256432,3.275391
0,gpu,361.336,1.236595,3.298954,3.306641
0,gpu,367.505,1.236649,3.325849,3.337891
0,gpu,373.469,1.236763,3.354698,3.367188
0,gpu,379.120,1.236893,3.383546,3.398438
0,gpu,384.985,1.237011,3.402629,3.406250
0,gpu,391.005,1.237206,3.427573,3.435547
0,gpu,396.491,1.237549,3.453490,3.464844
0,gpu,402.146,1.237701,3.479882,3.494141
0,gpu,407.901,1.237717,3.509219,3.523438
0,gpu,413.736,1.237827,3.534161,3.552734
0,gpu,419.677,1.237965,3.564475,3.582031
0,gpu,426.037,1.238228,3.591866,3.611328
0,gpu,432.417,1.238228,3.621195,3.642578
0,gpu,438.029,1.238487,3.649571,3.652344
0,gpu,443.925,1.238811,3.683304,3.685547
0,gpu,449.555,1.238842,3.707270,3.712891
0,gpu,455.202,1.238968,3.732195,3.740234
0,gpu,460.858,1.239029,3.751743,3.765625
0,gpu,466.494,1.239105,3.763012,3.773438
0,gpu,472.064,1.239105,3.784529,3.794922
0,gpu,478.846,1.239422,3.808464,3.826172
0,gpu,484.961,1.239544,3.825593,3.833984
0,gpu,490.996,1.239944,3.847102,3.861328
0,gpu,497.172,1.240406,3.870572,3.886719
0,gpu,502.879,1.240471,3.892080,3.896484
0,gpu,508.761,1.240536,3.917022,3.923828
0,gpu,514.891,1.240540,3.939035,3.953125
0,gpu,520.830,1.240818,3.962023,3.982422
0,gpu,526.825,1.240944,3.989897,4.011719
0,gpu,532.522,1.242130,4.007476,4.015625
0,gpu,539.146,1.255867,4.009429,4.015625
0,gpu,545.092,1.266544,4.008457,4.035156
0,gpu,551.103,1.277065,4.053500,4.082031
0,gpu,557.147,1.278961,4.073995,4.105469
0,gpu,562.919,1.279087,4.137941,4.175781
0,gpu,568.946,1.279087,4.148165,4.195312
0,gpu,574.959,1.279087,4.211148,4.265625
0,gpu,581.161,1.279175,4.277034,4.335938
0,gpu,587.216,1.279213,4.336565,4.406250
0,gpu,592.954,1.279243,4.404419,4.496094
0,gpu,598.949,1.279282,4.433194,4.519531
0,gpu,605.983,1.279289,4.479546,4.585938
0,gpu,612.033,1.279289,4.542029,4.656250
0,gpu,618.189,1.279289,4.600111,4.726562
0,gpu,624.037,1.279289,4.666241,4.796875
0,gpu,629.982,1.279289,4.734828,4.867188
0,gpu,635.750,1.279289,4.739201,4.886719
0,gpu,641.568,1.279289,4.798747,4.957031
0,gpu,647.639,1.279289,4.863657,5.027344
0,gpu,653.580,1.279289,4.894399,5.070312
0,gpu,659.280,1.279289,4.940754,5.117188
0,gpu,664.962,1.279305,5.006638,5.187500
0,gpu,671.519,1.279320,5.065719,5.257812
0,gpu,677.569,1.279320,5.129171,5.347656
0,gpu,683.529,1.279320,5.189199,5.417969
0,gpu,689.145,1.279320,5.241410,5.484375
0,gpu,694.932,1.279320,5.286788,5.531250
0,gpu,701.029,1.279320,5.334122,5.578125
0,gpu,706.827,1.279320,5.395136,5.648438
0,gpu,712.428,1.279320,5.456391,5.738281
0,gpu,718.471,1.279320,5.518631,5.808594
0,gpu,724.254,1.279320,5.533733,5.828125
0,gpu,730.543,1.279327,5.592811,5.898438
0,gpu,736.794,1.279350,5.655271,5.968750
0,gpu,742.599,1.279350,5.717268,6.039062
0,gpu,748.272,1.279350,5.747994,6.062500
0,gpu,754.122,1.279350,5.797276,6.128906
0,gpu,760.463,1.279350,5.852572,6.199219
0,gpu,766.197,1.279362,5.855475,6.199219
0,gpu,771.751,1.279362,5.855475,6.199219
0,gpu,777.517,1.279362,5.855475,6.199219
0,gpu,783.017,1.279362,5.855475,6.199219
0,gpu,788.814,1.279362,5.855475,6.199219
0,gpu,795.305,1.279366,5.855475,6.199219
0,gpu,801.323,1.279366,4.257677,6.199219
1,gpu,0.701,1.279591,3.316181,3.347656
1,gpu,6.404,1.280167,3.324024,3.349609
1,gpu,12.267,1.280167,3.352377,3.363281
1,gpu,18.107,1.280167,3.381599,3.392578
1,gpu,24.349,1.280167,3.408976,3.423828
1,gpu,30.350,1.280167,3.446630,3.457031
1,gpu,36.212,1.280167,3.474503,3.486328
1,gpu,42.958,1.280167,3.495522,3.511719
1,gpu,48.493,1.280167,3.522417,3.541016
1,gpu,54.517,1.280167,3.553219,3.574219
1,gpu,60.373,1.280167,3.587944,3.605469
1,gpu,66.243,1.280170,3.626557,3.636719
1,gpu,72.201,1.280170,3.657360,3.667969
1,gpu,78.101,1.280170,3.691122,3.699219
1,gpu,83.801,1.280418,3.719971,3.728516
1,gpu,89.895,1.280453,3.746386,3.759766
1,gpu,96.453,1.280483,3.775234,3.789062
1,gpu,102.496,1.280483,3.805052,3.820312
1,gpu,108.489,1.280838,3.835358,3.851562
1,gpu,114.540,1.280838,3.863230,3.880859
1,gpu,120.876,1.280960,3.893070,3.912109
1,gpu,126.385,1.280964,3.917509,3.941406
1,gpu,131.928,1.281178,3.949303,3.972656
1,gpu,137.671,1.281441,3.992801,4.003906
1,gpu,143.423,1.281754,4.019696,4.035156
1,gpu,149.885,1.281876,4.048545,4.064453
1,gpu,156.037,1.281998,4.075440,4.095703
1,gpu,161.847,1.282120,4.099406,4.103516
1,gpu,167.899,1.282322,4.113080,4.125000
1,gpu,174.319,1.282326,4.177986,4.195312
1,gpu,180.658,1.282326,4.243872,4.285156
1,gpu,186.609,1.282326,4.308786,4.355469
1,gpu,192.473,1.282326,4.363948,4.445312
1,gpu,198.375,1.282326,4.430323,4.515625
1,gpu,204.026,1.282326,4.496698,4.585938
1,gpu,209.972,1.282326,4.562096,4.656250
1,gpu,216.875,1.282330,4.630928,4.746094
1,gpu,222.544,1.282330,4.693869,4.816406
1,gpu,228.260,1.282330,4.759267,4.906250
1,gpu,234.082,1.282330,4.825154,4.976562
1,gpu,240.250,1.282330,4.892017,5.066406
1,gpu,246.399,1.282330,4.956927,5.136719
1,gpu,252.421,1.282330,5.023302,5.207031
1,gpu,258.622,1.282330,5.089676,5.296875
1,gpu,264.482,1.282330,5.156051,5.367188
1,gpu,270.011,1.282330,5.182888,5.390625
1,gpu,275.705,1.282330,5.232172,5.457031
1,gpu,281.569,1.282333,5.286848,5.527344
1,gpu,287.471,1.282333,5.353222,5.597656
1,gpu,293.482,1.282333,5.419597,5.667969
1,gpu,299.456,1.282333,5.482569,5.757812
1,gpu,304.969,1.282333,5.553339,5.828125
1,gpu,310.540,1.282333,5.614339,5.917969
1,gpu,316.342,1.282333,5.681202,5.988281
1,gpu,322.060,1.282333,5.746112,6.058594
1,gpu,327.620,1.282333,5.795397,6.125000
1,gpu,333.343,1.282333,5.860307,6.195312
1,gpu,339.144,1.282333,5.928269,6.285156
1,gpu,345.048,1.282341,5.857429,6.308594
1,gpu,350.793,1.282341,5.857429,6.308594
1,gpu,356.822,1.282341,5.857429,6.308594
1,gpu,362.376,1.282341,5.857429,6.308594
1,gpu,368.313,1.282341,5.857429,6.308594
1,gpu,373.997,1.282341,5.857429,6.308594
2,gpu,0.544,1.282349,3.317158,3.367188
2,gpu,6.596,1.282585,3.320087,3.367188
2,gpu,12.094,1.282585,3.354818,3.382812
2,gpu,17.767,1.282593,3.386978,3.396484
2,gpu,23.592,1.282593,3.408968,3.421875
2,gpu,29.610,1.282593,3.437832,3.451172
2,gpu,35.222,1.282593,3.468145,3.480469
2,gpu,40.840,1.282593,3.490128,3.507812
2,gpu,46.833,1.282593,3.522898,3.539062
2,gpu,52.472,1.282593,3.553226,3.572266
2,gpu,58.113,1.282593,3.585012,3.605469
2,gpu,63.891,1.282593,3.626557,3.638672
2,gpu,69.446,1.282593,3.656384,3.667969
2,gpu,75.650,1.282593,3.683278,3.697266
2,gpu,81.403,1.282593,3.711150,3.726562
2,gpu,87.192,1.282593,3.749300,3.759766
2,gpu,92.805,1.282593,3.777172,3.791016
2,gpu,98.847,1.282593,3.801604,3.816406
2,gpu,104.706,1.282593,3.828499,3.845703
2,gpu,110.288,1.282597,3.863237,3.878906
2,gpu,116.281,1.282597,3.893543,3.912109
2,gpu,122.120,1.282597,3.919958,3.937500
2,gpu,128.130,1.282597,3.943893,3.964844
2,gpu,133.635,1.282597,3.973734,3.998047
2,gpu,139.205,1.282597,4.006008,4.011719
2,gpu,145.135,1.282597,4.043662,4.062500
2,gpu,150.930,1.282597,4.077394,4.095703
2,gpu,156.572,1.282597,4.110150,4.125000
2,gpu,162.395,1.282597,4.167754,4.195312
2,gpu,168.058,1.282597,4.233640,4.285156
2,gpu,173.797,1.282597,4.300503,4.355469
2,gpu,179.505,1.282600,4.366390,4.425781
2,gpu,185.106,1.282600,4.431300,4.515625
2,gpu,191.321,1.282612,4.498163,4.585938
2,gpu,196.978,1.282612,4.574824,4.656250
2,gpu,203.037,1.282612,4.633857,4.746094
2,gpu,208.802,1.282612,4.699744,4.816406
2,gpu,214.530,1.282612,4.765630,4.886719
2,gpu,220.105,1.282612,4.823705,4.976562
2,gpu,225.900,1.282612,4.895450,5.046875
2,gpu,231.558,1.282612,4.923248,5.089844
2,gpu,237.219,1.282612,4.971556,5.136719
2,gpu,243.018,1.282612,5.036463,5.226562
2,gpu,249.240,1.282612,5.101377,5.296875
2,gpu,255.467,1.282623,5.169217,5.367188
2,gpu,261.137,1.282623,5.227302,5.437500
2,gpu,266.853,1.282623,5.288312,5.507812
2,gpu,272.828,1.282623,5.354687,5.597656
2,gpu,278.555,1.282623,5.418621,5.667969
2,gpu,284.347,1.282623,5.427880,5.687500
2,gpu,289.928,1.282623,5.494743,5.757812
2,gpu,295.833,1.282623,5.561602,5.828125
2,gpu,301.544,1.282623,5.623598,5.917969
2,gpu,307.532,1.282623,5.691427,5.988281
2,gpu,313.105,1.282623,5.752448,6.058594
2,gpu,320.422,1.282642,5.823698,6.148438
2,gpu,326.135,1.282642,5.880925,6.218750
2,gpu,332.238,1.282642,5.945346,6.308594
2,gpu,338.858,1.282642,5.857429,6.308594
2,gpu,344.338,1.282642,5.857429,6.308594
2,gpu,349.867,1.282642,5.857429,6.308594
2,gpu,355.457,1.282642,5.857429,6.308594
2,gpu,361.570,1.282642,5.857429,6.308594
2,gpu,367.958,1.282642,4.868084,6.308594
3,gpu,0.538,1.282650,3.316181,3.367188
3,gpu,6.804,1.282669,3.319111,3.367188
3,gpu,12.900,1.282669,3.351393,3.380859
3,gpu,18.854,1.282669,3.384521,3.394531
3,gpu,24.592,1.282669,3.414850,3.425781
3,gpu,30.220,1.282669,3.455419,3.476562
3,gpu,36.148,1.282669,3.486220,3.507812
3,gpu,41.617,1.282669,3.515069,3.537109
3,gpu,47.440,1.282669,3.551762,3.568359
3,gpu,53.151,1.282669,3.582556,3.603516
3,gpu,59.347,1.282669,3.610428,3.632812
3,gpu,65.355,1.282669,3.656383,3.666016
3,gpu,70.843,1.282669,3.683278,3.697266
3,gpu,76.509,1.282669,3.718979,3.726562
3,gpu,82.254,1.282669,3.747339,3.757812
3,gpu,88.051,1.282669,3.777164,3.789062
3,gpu,94.004,1.282669,3.804060,3.818359
3,gpu,99.668,1.282669,3.834877,3.849609
3,gpu,105.492,1.282673,3.857347,3.875000
3,gpu,112.127,1.282673,3.890133,3.906250
3,gpu,117.883,1.282673,3.919958,3.937500
3,gpu,123.827,1.282673,3.950264,3.970703
3,gpu,129.771,1.282673,3.979128,4.001953
3,gpu,135.425,1.282673,4.021649,4.035156
3,gpu,141.137,1.282673,4.050500,4.064453
3,gpu,146.941,1.282681,4.090601,4.101562
3,gpu,152.660,1.282803,4.110150,4.125000
3,gpu,158.667,1.282925,4.174110,4.195312
3,gpu,164.545,1.282925,4.239981,4.285156
3,gpu,170.464,1.282936,4.299527,4.355469
3,gpu,176.964,1.282936,4.369808,4.425781
3,gpu,183.688,1.282936,4.431300,4.515625
3,gpu,189.200,1.282936,4.497201,4.585938
3,gpu,195.029,1.282936,4.543554,4.632812
3,gpu,200.469,1.282936,4.565995,4.656250
3,gpu,206.546,1.282936,4.628959,4.746094
3,gpu,212.411,1.282936,4.637242,4.746094
3,gpu,218.475,1.282936,4.708988,4.816406
3,gpu,224.325,1.282936,4.767088,4.906250
3,gpu,230.225,1.282936,4.832975,4.976562
3,gpu,235.854,1.282936,4.903714,5.066406
3,gpu,242.357,1.282936,4.964733,5.136719
3,gpu,248.122,1.282936,5.030619,5.226562
3,gpu,253.848,1.282936,5.097970,5.296875
3,gpu,259.579,1.282936,5.164330,5.367188
3,gpu,264.989,1.282936,5.227309,5.437500
3,gpu,271.047,1.282936,5.294165,5.527344
3,gpu,277.084,1.282936,5.360539,5.597656
3,gpu,282.735,1.282936,5.429829,5.687500
3,gpu,288.490,1.282936,5.490848,5.757812
3,gpu,294.839,1.282936,5.551370,5.828125
3,gpu,300.594,1.282936,5.618233,5.917969
3,gpu,306.701,1.282936,5.682655,5.988281
3,gpu,312.295,1.282936,5.748053,6.058594
3,gpu,318.273,1.282936,5.815404,6.148438
3,gpu,324.000,1.282936,5.878987,6.218750
3,gpu,329.998,1.282936,5.947803,6.308594
3,gpu,335.976,1.282936,5.856452,6.308594
3,gpu,341.887,1.282936,5.856452,6.308594
3,gpu,347.621,1.282936,5.856452,6.308594
3,gpu,353.227,1.282936,5.856452,6.308594
3,gpu,359.224,1.282936,5.856452,6.308594
3,gpu,365.354,1.282936,5.856452,6.308594
4,gpu,0.485,1.282944,3.316181,3.369141
4,gpu,5.926,1.283154,3.325977,3.371094
4,gpu,11.482,1.283154,3.357275,3.384766
4,gpu,17.200,1.283154,3.401628,3.417969
4,gpu,22.960,1.283154,3.429500,3.449219
4,gpu,28.826,1.283154,3.467169,3.478516
4,gpu,34.585,1.283154,3.494064,3.509766
4,gpu,40.233,1.283154,3.524363,3.541016
4,gpu,46.709,1.283154,3.552242,3.570312
4,gpu,52.613,1.283154,3.582067,3.603516
4,gpu,58.275,1.283154,3.624604,3.634766
4,gpu,63.927,1.283154,3.657359,3.667969
4,gpu,69.956,1.283154,3.683278,3.697266
4,gpu,75.691,1.283154,3.714080,3.726562
4,gpu,81.249,1.283154,3.740975,3.755859
4,gpu,86.651,1.283154,3.753222,3.763672
4,gpu,95.267,1.283154,3.793790,3.814453
4,gpu,101.633,1.283161,3.828499,3.845703
4,gpu,107.618,1.283161,3.863718,3.878906
4,gpu,113.298,1.283161,3.893055,3.912109
4,gpu,119.315,1.283161,3.937057,3.945312
4,gpu,125.357,1.283161,3.973246,3.996094
4,gpu,131.341,1.283161,4.010908,4.031250
4,gpu,136.981,1.283161,4.034872,4.042969
4,gpu,142.966,1.283161,4.072511,4.093750
4,gpu,148.644,1.283169,4.106242,4.125000
4,gpu,154.862,1.283180,4.106243,4.125000
4,gpu,160.669,1.283180,4.174110,4.195312
4,gpu,166.441,1.283180,4.235105,4.285156
4,gpu,172.495,1.283180,4.300503,4.355469
4,gpu,178.973,1.283180,4.368358,4.425781
4,gpu,184.599,1.283180,4.376622,4.445312
4,gpu,190.673,1.283180,4.438617,4.515625
4,gpu,196.295,1.283180,4.503527,4.585938
4,gpu,202.452,1.283180,4.571352,4.656250
4,gpu,208.276,1.283180,4.633347,4.746094
4,gpu,213.739,1.283184,4.702163,4.816406
4,gpu,219.859,1.283203,4.766096,4.886719
4,gpu,225.663,1.283203,4.827107,4.976562
4,gpu,231.543,1.283203,4.854432,5.000000
4,gpu,237.637,1.283203,4.896908,5.046875
4,gpu,243.308,1.283203,4.958392,5.136719
4,gpu,248.933,1.283203,5.028200,5.226562
4,gpu,254.764,1.283203,5.093110,5.296875
4,gpu,260.415,1.283203,5.158996,5.367188
4,gpu,266.578,1.283203,5.202419,5.414062
4,gpu,272.428,1.283203,5.252680,5.460938
4,gpu,278.311,1.283203,5.315637,5.550781
4,gpu,284.991,1.283211,5.384453,5.621094
4,gpu,290.466,1.283211,5.446434,5.710938
4,gpu,296.213,1.283211,5.516226,5.781250
4,gpu,302.182,1.283211,5.618246,5.917969
4,gpu,308.185,1.283211,5.684132,5.988281
4,gpu,314.184,1.283211,5.693375,5.988281
4,gpu,319.958,1.283211,5.755358,6.058594
4,gpu,326.321,1.283211,5.826125,6.148438
4,gpu,331.987,1.283211,5.886289,6.218750
4,gpu,337.952,1.283211,5.951199,6.308594
4,gpu,343.492,1.283211,5.856452,6.308594
4,gpu,350.535,1.283211,5.856452,6.308594
4,gpu,356.169,1.283211,5.856452,6.308594
4,gpu,362.216,1.283211,5.856452,6.308594
4,gpu,367.790,1.283211,5.856452,6.308594
5,gpu,0.474,1.283211,3.316181,3.369141
5,gpu,6.454,1.283215,3.325977,3.371094
5,gpu,11.950,1.283215,3.356787,3.384766
5,gpu,17.685,1.283215,3.401628,3.417969
5,gpu,23.505,1.283215,3.435390,3.449219
5,gpu,29.804,1.283215,3.470091,3.482422
5,gpu,35.578,1.283215,3.499443,3.515625
5,gpu,41.163,1.283215,3.544894,3.568359
5,gpu,46.930,1.283215,3.574719,3.597656
5,gpu,52.548,1.283215,3.608963,3.630859
5,gpu,58.242,1.283215,3.645641,3.666016
5,gpu,64.007,1.283215,3.668629,3.673828
5,gpu,69.972,1.283215,3.713103,3.726562
5,gpu,75.970,1.283215,3.740975,3.755859
5,gpu,82.645,1.283215,3.777668,3.789062
5,gpu,88.948,1.283215,3.797696,3.816406
5,gpu,94.923,1.283215,3.831932,3.847656
5,gpu,100.764,1.283215,3.854419,3.875000
5,gpu,106.618,1.283215,3.888653,3.906250
5,gpu,112.324,1.283215,3.920439,3.941406
5,gpu,118.223,1.283215,3.964929,3.974609
5,gpu,124.301,1.283215,4.004063,4.009766
5,gpu,130.004,1.283215,4.027540,4.035156
5,gpu,136.234,1.283215,4.058815,4.068359
5,gpu,141.753,1.283215,4.078370,4.095703
5,gpu,147.657,1.283215,4.110150,4.125000
5,gpu,153.527,1.283215,4.168743,4.195312
5,gpu,159.449,1.283215,4.218028,4.261719
5,gpu,165.126,1.283215,4.264383,4.308594
5,gpu,170.885,1.283215,4.327340,4.378906
5,gpu,176.666,1.283215,4.377601,4.445312
5,gpu,182.412,1.283215,4.442511,4.515625
5,gpu,188.239,1.283215,4.506445,4.585938
5,gpu,194.892,1.283215,4.569429,4.656250
5,gpu,201.330,1.283215,4.628471,4.746094
5,gpu,207.174,1.283215,4.637242,4.746094
5,gpu,213.057,1.283215,4.695822,4.816406
5,gpu,218.748,1.283215,4.763677,4.886719
5,gpu,224.183,1.283215,4.823706,4.976562
5,gpu,229.710,1.283215,4.892518,5.046875
5,gpu,235.565,1.283215,4.920318,5.089844
5,gpu,241.545,1.283215,4.969603,5.136719
5,gpu,247.816,1.283215,5.033538,5.226562
5,gpu,254.178,1.283215,5.102350,5.296875
5,gpu,259.900,1.283215,5.167264,5.367188
5,gpu,266.266,1.283215,5.233146,5.437500
5,gpu,271.911,1.283215,5.295141,5.507812
5,gpu,277.684,1.283215,5.358593,5.597656
5,gpu,283.263,1.283215,5.425946,5.667969
5,gpu,288.795,1.283215,5.485728,5.757812
5,gpu,294.808,1.283215,5.551370,5.828125
5,gpu,300.433,1.283215,5.618233,5.917969
5,gpu,306.421,1.283215,5.682655,5.988281
5,gpu,311.968,1.283215,5.748541,6.058594
5,gpu,317.550,1.283215,5.815404,6.148438
5,gpu,323.570,1.283215,5.879948,6.218750
5,gpu,329.755,1.283215,5.943882,6.308594
5,gpu,336.262,1.283215,5.856452,6.308594
5,gpu,342.265,1.283215,5.856452,6.308594
5,gpu,348.162,1.283215,5.856452,6.308594
5,gpu,354.288,1.283215,5.856452,6.308594
5,gpu,359.994,1.283215,5.856452,6.308594
5,gpu,365.636,1.283215,5.856452,6.308594
6,gpu,0.491,1.283222,3.316181,3.371094
6,gpu,6.565,1.283226,3.326946,3.373047
6,gpu,12.512,1.283226,3.372779,3.388672
6,gpu,18.627,1.283226,3.407488,3.417969
6,gpu,24.023,1.283226,3.429500,3.447266
6,gpu,29.668,1.283226,3.466162,3.478516
6,gpu,35.302,1.283226,3.494553,3.509766
6,gpu,40.806,1.283226,3.524370,3.542969
6,gpu,46.465,1.283226,3.572766,3.576172
6,gpu,52.355,1.283226,3.607979,3.628906
6,gpu,58.168,1.283226,3.640757,3.664062
6,gpu,63.639,1.283226,3.684255,3.695312
6,gpu,69.731,1.283226,3.712127,3.726562
6,gpu,75.616,1.283226,3.734139,3.753906
6,gpu,81.504,1.283226,3.759082,3.765625
6,gpu,87.121,1.283226,3.779369,3.792969
6,gpu,93.160,1.283226,3.807730,3.822266
6,gpu,99.026,1.283226,3.827521,3.845703
6,gpu,104.623,1.283226,3.837814,3.853516
6,gpu,110.228,1.283226,3.867641,3.882812
6,gpu,116.083,1.283226,3.910161,3.916016
6,gpu,121.928,1.283226,3.924360,3.941406
6,gpu,127.622,1.283226,3.960046,3.972656
6,gpu,133.576,1.283226,3.984988,4.003906
6,gpu,139.381,1.283226,4.004055,4.011719
6,gpu,145.162,1.283226,4.050498,4.064453
6,gpu,150.800,1.283226,4.081300,4.095703
6,gpu,156.785,1.283226,4.110150,4.125000
6,gpu,162.429,1.283230,4.168242,4.195312
6,gpu,168.061,1.283230,4.233152,4.285156
6,gpu,173.671,1.283230,4.300503,4.355469
6,gpu,179.282,1.283230,4.366390,4.425781
6,gpu,185.056,1.283230,4.436198,4.515625
6,gpu,192.306,1.283230,4.477667,4.562500
6,gpu,198.292,1.283230,4.502538,4.585938
6,gpu,204.182,1.283230,4.574281,4.675781
6,gpu,210.101,1.283230,4.633335,4.746094
6,gpu,215.857,1.283230,4.726565,4.839844
6,gpu,222.204,1.283230,4.791475,4.929688
6,gpu,227.857,1.283230,4.833447,4.976562
6,gpu,233.855,1.283230,4.903714,5.066406
6,gpu,239.931,1.283230,4.969603,5.136719
6,gpu,245.593,1.283230,5.030619,5.226562
6,gpu,251.493,1.283230,5.096505,5.296875
6,gpu,257.898,1.283234,5.163376,5.367188
6,gpu,263.408,1.283234,5.222914,5.437500
6,gpu,268.865,1.283234,5.290769,5.507812
6,gpu,274.932,1.283234,5.350797,5.597656
6,gpu,280.346,1.283234,5.417656,5.667969
6,gpu,286.262,1.283234,5.485496,5.757812
6,gpu,291.999,1.283234,5.553339,5.828125
6,gpu,297.665,1.283234,5.582113,5.871094
6,gpu,303.801,1.283234,5.622609,5.917969
6,gpu,309.603,1.283234,5.690445,5.988281
6,gpu,316.112,1.283234,5.761230,6.058594
6,gpu,323.146,1.283234,5.815893,6.148438
6,gpu,328.809,1.283234,5.880436,6.218750
6,gpu,334.322,1.283234,5.948780,6.308594
6,gpu,339.832,1.283234,5.856452,6.308594
6,gpu,345.466,1.283234,5.856452,6.308594
6,gpu,351.027,1.283234,5.856452,6.308594
6,gpu,356.532,1.283234,5.856452,6.308594
6,gpu,362.498,1.283234,5.856452,6.308594
6,gpu,368.654,1.283234,5.856452,6.308594
7,gpu,0.594,1.283234,3.316181,3.369141
7,gpu,6.543,1.283234,3.319111,3.369141
7,gpu,12.312,1.283234,3.354818,3.382812
7,gpu,18.001,1.283234,3.382080,3.392578
7,gpu,23.772,1.283234,3.409945,3.421875
7,gpu,29.191,1.283234,3.441730,3.455078
7,gpu,35.073,1.283234,3.470091,3.484375
7,gpu,40.700,1.283234,3.500420,3.515625
7,gpu,46.100,1.283234,3.529268,3.544922
7,gpu,52.186,1.283234,3.572766,3.576172
7,gpu,57.706,1.283234,3.587942,3.605469
7,gpu,63.610,1.283234,3.612885,3.634766
7,gpu,69.549,1.283234,3.645641,3.666016
7,gpu,75.357,1.283234,3.674489,3.695312
7,gpu,80.950,1.283234,3.699430,3.705078
7,gpu,86.536,1.283234,3.722404,3.732422
7,gpu,92.506,1.283234,3.751253,3.763672
7,gpu,98.450,1.283234,3.779125,3.792969
7,gpu,105.068,1.283234,3.807730,3.822266
7,gpu,110.844,1.283234,3.833893,3.849609
7,gpu,116.435,1.283234,3.860781,3.878906
7,gpu,122.226,1.283234,3.888653,3.908203
7,gpu,127.931,1.283234,3.918493,3.937500
7,gpu,133.574,1.283234,3.950264,3.970703
7,gpu,139.322,1.283234,3.984013,4.003906
7,gpu,144.737,1.283234,4.021649,4.035156
7,gpu,150.565,1.283234,4.055428,4.064453
7,gpu,156.512,1.283234,4.085711,4.097656
7,gpu,162.449,1.283234,4.110150,4.125000
7,gpu,168.229,1.283234,4.168242,4.195312
7,gpu,175.027,1.283234,4.233152,4.285156
7,gpu,180.969,1.283234,4.301495,4.355469
7,gpu,186.931,1.283234,4.345894,4.402344
7,gpu,193.159,1.283234,4.370765,4.445312
7,gpu,199.442,1.283234,4.444464,4.515625
7,gpu,204.997,1.283234,4.494273,4.585938
7,gpu,210.788,1.283234,4.527929,4.609375
7,gpu,216.733,1.283234,4.572332,4.675781
7,gpu,223.233,1.283234,4.630928,4.746094
7,gpu,229.297,1.283234,4.695822,4.816406
7,gpu,235.356,1.283234,4.761220,4.886719
7,gpu,241.012,1.283234,4.829564,4.976562
7,gpu,247.065,1.283234,4.873963,5.023438
7,gpu,252.940,1.283234,4.960357,5.136719
7,gpu,258.688,1.283234,4.963744,5.136719
7,gpu,264.750,1.283234,5.029630,5.226562
7,gpu,271.217,1.283234,5.138485,5.343750
7,gpu,276.843,1.283234,5.186794,5.390625
7,gpu,282.724,1.283234,5.233146,5.437500
7,gpu,290.313,1.283234,5.294180,5.527344
7,gpu,296.005,1.283234,5.360539,5.597656
7,gpu,302.394,1.283234,5.424977,5.667969
7,gpu,308.419,1.283234,5.495716,5.757812
7,gpu,314.466,1.283234,5.562579,5.847656
7,gpu,320.662,1.283234,5.622609,5.917969
7,gpu,326.650,1.283234,5.693378,5.988281
7,gpu,332.517,1.283234,5.759266,6.058594
7,gpu,338.217,1.283234,5.823210,6.148438
7,gpu,344.265,1.283234,5.886289,6.218750
7,gpu,350.291,1.283234,5.955090,6.308594
7,gpu,356.289,1.283234,5.856452,6.308594
7,gpu,362.131,1.283234,5.856452,6.308594
7,gpu,368.132,1.283234,5.856452,6.308594
7,gpu,373.785,1.283234,5.856452,6.308594
7,gpu,379.383,1.283234,5.856452,6.308594
7,gpu,385.399,1.283234,5.856452,6.308594
8,gpu,0.544,1.283234,3.316181,3.371094
8,gpu,6.192,1.283234,3.319111,3.371094
8,gpu,11.632,1.283234,3.353354,3.382812
8,gpu,17.710,1.283234,3.381599,3.390625
8,gpu,23.971,1.283234,3.403581,3.419922
8,gpu,29.629,1.283234,3.418758,3.425781
8,gpu,35.559,1.283234,3.458348,3.478516
8,gpu,41.236,1.283234,3.489150,3.507812
8,gpu,47.480,1.283234,3.519954,3.539062
8,gpu,53.510,1.283234,3.552242,3.572266
8,gpu,59.506,1.283234,3.582067,3.603516
8,gpu,65.458,1.283234,3.613864,3.634766
8,gpu,71.211,1.283234,3.640757,3.664062
8,gpu,77.638,1.283234,3.666904,3.673828
8,gpu,83.932,1.283234,3.696501,3.705078
8,gpu,90.002,1.283234,3.734139,3.755859
8,gpu,95.767,1.283234,3.768847,3.787109
8,gpu,101.591,1.283234,3.806517,3.818359
8,gpu,107.069,1.283234,3.833900,3.849609
8,gpu,112.794,1.283234,3.865671,3.882812
8,gpu,118.928,1.283234,3.893559,3.912109
8,gpu,125.033,1.283234,3.929244,3.943359
8,gpu,131.577,1.283234,3.950279,3.972656
8,gpu,137.640,1.283234,3.996707,4.005859
8,gpu,143.380,1.283234,4.031446,4.037109
8,gpu,149.287,1.283234,4.061264,4.070312
8,gpu,155.204,1.283234,4.096478,4.103516
8,gpu,161.179,1.283234,4.106243,4.125000
8,gpu,166.963,1.283234,4.178965,4.214844
8,gpu,172.503,1.283234,4.239981,4.285156
8,gpu,178.393,1.283234,4.304898,4.355469
8,gpu,184.122,1.283234,4.369808,4.425781
8,gpu,189.736,1.283241,4.431300,4.515625
8,gpu,196.492,1.283257,4.436652,4.515625
8,gpu,201.981,1.283257,4.497186,4.585938
8,gpu,207.865,1.283257,4.564049,4.656250
8,gpu,213.555,1.283257,4.629447,4.746094
8,gpu,219.236,1.283257,4.695822,4.816406
8,gpu,225.222,1.283257,4.761220,4.886719
8,gpu,231.185,1.283257,4.827595,4.976562
8,gpu,236.666,1.283257,4.893482,5.046875
8,gpu,242.641,1.283257,4.962786,5.136719
8,gpu,248.562,1.283257,5.027697,5.226562
8,gpu,254.076,1.283257,5.096506,5.296875
8,gpu,260.394,1.283257,5.168252,5.367188
8,gpu,266.572,1.283257,5.227302,5.437500
8,gpu,272.051,1.283257,5.300025,5.527344
8,gpu,277.870,1.283257,5.358106,5.597656
8,gpu,283.551,1.283257,5.423503,5.667969
8,gpu,289.342,1.283257,5.486460,5.757812
8,gpu,295.042,1.283257,5.551370,5.828125
8,gpu,300.951,1.283257,5.617745,5.917969
8,gpu,306.693,1.283257,5.688522,5.988281
8,gpu,312.489,1.283257,5.756835,6.058594
8,gpu,318.332,1.283257,5.820280,6.148438
8,gpu,324.462,1.283257,5.885312,6.218750
8,gpu,329.958,1.283257,5.944858,6.308594
8,gpu,335.673,1.283257,5.856452,6.308594
8,gpu,341.244,1.283257,5.856452,6.308594
8,gpu,347.026,1.283257,5.856452,6.308594
8,gpu,352.836,1.283257,5.856452,6.308594
8,gpu,358.362,1.283257,5.856452,6.308594
8,gpu,363.835,1.283257,5.856452,6.308594
9,gpu,0.477,1.283257,3.316181,3.371094
9,gpu,6.303,1.283257,3.321065,3.371094
9,gpu,12.910,1.283257,3.352385,3.380859
9,gpu,18.742,1.283257,3.383057,3.392578
9,gpu,24.831,1.283257,3.410929,3.423828
9,gpu,30.293,1.283257,3.441730,3.455078
9,gpu,36.090,1.283257,3.469603,3.484375
9,gpu,41.787,1.283257,3.498451,3.513672
9,gpu,47.520,1.283257,3.527315,3.542969
9,gpu,53.505,1.283257,3.561049,3.576172
9,gpu,59.897,1.283257,3.600638,3.607422
9,gpu,66.018,1.283257,3.639277,3.662109
9,gpu,71.985,1.283257,3.683278,3.697266
9,gpu,77.959,1.283257,3.720947,3.728516
9,gpu,83.838,1.283257,3.751741,3.761719
9,gpu,89.677,1.283257,3.780102,3.792969
9,gpu,95.858,1.283257,3.807974,3.822266
9,gpu,101.479,1.283257,3.837814,3.853516
9,gpu,107.006,1.283257,3.867641,3.882812
9,gpu,112.901,1.283257,3.894535,3.912109
9,gpu,119.211,1.283257,3.940963,3.964844
9,gpu,125.116,1.283257,3.976671,4.000000
9,gpu,130.874,1.283257,3.997684,4.005859
9,gpu,136.633,1.283257,4.021649,4.035156
9,gpu,142.805,1.283257,4.053429,4.064453
9,gpu,149.013,1.283257,4.078370,4.095703
9,gpu,154.685,1.283257,4.110150,4.125000
9,gpu,160.284,1.283257,4.166790,4.195312
9,gpu,166.065,1.283257,4.195567,4.238281
9,gpu,171.892,1.283257,4.243877,4.285156
9,gpu,178.140,1.283257,4.310735,4.355469
9,gpu,184.648,1.283257,4.370296,4.425781
9,gpu,190.551,1.283257,4.431788,4.515625
9,gpu,196.332,1.283257,4.497674,4.585938
9,gpu,202.241,1.283257,4.567468,4.656250
9,gpu,207.769,1.283257,4.628715,4.746094
9,gpu,213.446,1.283257,4.695822,4.816406
9,gpu,219.130,1.283257,4.765127,4.886719
9,gpu,224.915,1.283257,4.828572,4.976562
9,gpu,230.465,1.283257,4.896900,5.046875
9,gpu,236.509,1.283257,4.959368,5.136719
9,gpu,242.047,1.283257,5.024522,5.226562
9,gpu,248.366,1.283257,5.101916,5.296875
9,gpu,253.804,1.283257,5.153139,5.367188
9,gpu,259.527,1.283257,5.204372,5.414062
9,gpu,265.339,1.283257,5.228286,5.437500
9,gpu,271.234,1.283257,5.294180,5.527344
9,gpu,277.918,1.283257,5.362970,5.597656
9,gpu,284.026,1.283257,5.426899,5.667969
9,gpu,289.912,1.283257,5.494743,5.757812
9,gpu,296.228,1.283257,5.579183,5.871094
9,gpu,302.087,1.283257,5.665577,5.964844
9,gpu,307.769,1.283257,5.749042,6.058594
9,gpu,313.842,1.283260,5.812004,6.128906
9,gpu,320.286,1.283264,5.878984,6.218750
9,gpu,326.414,1.283264,5.944873,6.308594
9,gpu,332.445,1.283264,5.856452,6.308594
9,gpu,337.936,1.283264,5.856452,6.308594
9,gpu,344.106,1.283264,5.856452,6.308594
9,gpu,350.201,1.283264,5.856452,6.308594
9,gpu,356.326,1.283264,5.856452,6.308594
9,gpu,362.277,1.283264,5.856452,6.308594
